<?xml version="1.0" encoding="UTF-8"?>
<beans:beans xmlns:beans="http://www.springframework.org/schema/beans"
             xmlns:xsi="http://www.w3.org/2001/XMLSchema-instance"
             xmlns:ldap="http://www.springframework.org/schema/ldap"
             xmlns="http://www.springframework.org/schema/security"
             xsi:schemaLocation="http://www.springframework.org/schema/mvc http://www.springframework.org/schema/mvc/spring-mvc-4.0.xsd
		http://www.springframework.org/schema/ldap http://www.springframework.org/schema/ldap/spring-ldap-2.0.xsd
		http://www.springframework.org/schema/security http://www.springframework.org/schema/security/spring-security-3.2.xsd
		http://www.springframework.org/schema/beans http://www.springframework.org/schema/beans/spring-beans.xsd
		http://www.springframework.org/schema/context http://www.springframework.org/schema/context/spring-context-4.0.xsd">

    <http pattern="/index" security="none"></http>
	
    <global-method-security secured-annotations="enabled" />

    <http name="member" pattern="/member/*" request-matcher="ant"   auto-config="true" use-expressions="true" >
        <!--<csrf disabled="true"/>-->
        <intercept-url pattern="/member/**" access="hasRole('MEMBER')" />    
        <form-login login-page="/index" login-processing-url="/member/j_spring_security_check" default-target-url="/getMLogedIn" always-use-default-target="false" authentication-failure-url="/failtomemberlogin"/>
        <logout logout-url="/logout" logout-success-url="/logout"/>
        <logout logout-success-url="/logout" delete-cookies="JSESSIONID" />
        <custom-filter ref="concurrencyFilter" position="CONCURRENT_SESSION_FILTER" />
          <access-denied-handler error-page="/403"/>
        <session-management session-authentication-strategy-ref="sas" />
        <!--enable remember me--> 
        <remember-me token-validity-seconds="1209600" data-source-ref="dataSource" />
    </http>

    <http name="admin" request-matcher="ant"   auto-config="true" use-expressions="true" >
        <!--<csrf disabled="true"/>-->
        <intercept-url pattern="/upcid" access="permitAll" />
        <intercept-url pattern="/upcid/**" access="hasRole('ADMIN')" />
        <form-login login-page="/upcid" default-target-url="/getLogedIn" always-use-default-target="false" authentication-failure-url="/failtologin"/>
<!--        <logout logout-url="/j_spring_security_logout" logout-success-url="/logout"/>-->
              <access-denied-handler error-page="/403"/>
        <logout logout-success-url="/logout" delete-cookies="JSESSIONID" invalidate-session="true" />
        <custom-filter ref="concurrencyFilter" position="CONCURRENT_SESSION_FILTER" />
        
        <session-management session-authentication-strategy-ref="sas" />
        <!--enable remember me--> 
        <remember-me token-validity-seconds="1209600" data-source-ref="dataSource" />
    </http>        
	
	<authentication-manager alias="authenticationManager">
        <authentication-provider>
            <password-encoder ref="encoder" />
            <jdbc-user-service data-source-ref="dataSource"    
                               users-by-username-query="select username, password,active from users where username=?"    
                               authorities-by-username-query="select us.username, r.role from users us, user_role ur, role r 
        where us.userid = ur.userid and ur.roleid=r.roleid and us.username =? " />
        </authentication-provider>
    </authentication-manager>
    <beans:bean id="encoder" 
                     class="org.springframework.security.crypto.bcrypt.BCryptPasswordEncoder">
        <beans:constructor-arg name="strength" value="11" />
    </beans:bean>
	
	
    <beans:bean id="concurrencyFilter"
                    class="org.springframework.security.web.session.ConcurrentSessionFilter">
        <beans:property name="sessionRegistry" ref="sessionRegistry" />
        <beans:property name="expiredUrl" value="/session-expired" />
    </beans:bean>
 
	
    <beans:bean id="sas"
                    class="org.springframework.security.web.authentication.session.CompositeSessionAuthenticationStrategy">
        <beans:constructor-arg>
            <beans:list>
                <beans:bean class="org.springframework.security.web.authentication.session.ConcurrentSessionControlAuthenticationStrategy">
                    <beans:constructor-arg ref="sessionRegistry" />
                    <beans:property name="maximumSessions" value="100" />
                    <beans:property name="exceptionIfMaximumExceeded" value="true" />
                </beans:bean>
                <beans:bean class="org.springframework.security.web.authentication.session.SessionFixationProtectionStrategy">
                </beans:bean>
                <beans:bean class="org.springframework.security.web.authentication.session.RegisterSessionAuthenticationStrategy">
                    <beans:constructor-arg ref="sessionRegistry" />
                </beans:bean>
            </beans:list>
        </beans:constructor-arg>
    </beans:bean>
    <beans:bean id="sessionRegistry" class="org.springframework.security.core.session.SessionRegistryImpl" />
</beans:beans>