<?xml version="1.0" encoding="UTF-8"?>  
<beans xmlns="http://www.springframework.org/schema/beans"  
       xmlns:xsi="http://www.w3.org/2001/XMLSchema-instance"  
       xmlns:p="http://www.springframework.org/schema/p"  
       xmlns:context="http://www.springframework.org/schema/context"
       xmlns:mvc="http://www.springframework.org/schema/mvc"
       xmlns:tx="http://www.springframework.org/schema/tx"

       xsi:schemaLocation="http://www.springframework.org/schema/mvc http://www.springframework.org/schema/mvc/spring-mvc.xsd
		http://www.springframework.org/schema/beans http://www.springframework.org/schema/beans/spring-beans.xsd
		http://www.springframework.org/schema/aop http://www.springframework.org/schema/aop/spring-aop.xsd
		http://www.springframework.org/schema/context http://www.springframework.org/schema/context/spring-context.xsd
		http://www.springframework.org/schema/jee http://www.springframework.org/schema/jee/spring-jee.xsd
                http://www.springframework.org/schema/lang http://www.springframework.org/schema/lang/spring-lang.xsd
                http://www.springframework.org/schema/util http://www.springframework.org/schema/util/spring-util.xsd
		http://www.springframework.org/schema/tx http://www.springframework.org/schema/tx/spring-tx.xsd"> 

        <mvc:default-servlet-handler />
    <context:annotation-config />  
    <!-- Provide support for component scanning -->  
    <context:component-scan base-package="com.upcidcosociety" />  
    <!--    Provide support for conversion, formatting and validation  --> 
    
    <mvc:resources location="/WEB-INF/jsp/assets/" mapping="assets/**"  /> 
    <mvc:resources location="/WEB-INF/jsp/**" mapping="/**"  /> 
    <mvc:annotation-driven/> 

    <bean id="viewResolver" class="org.springframework.web.servlet.view.tiles3.TilesViewResolver"/>  
    <bean id="tilesConfigurer" class="org.springframework.web.servlet.view.tiles3.TilesConfigurer">  
        <property name="definitions">  
            <list>  
                <value>/WEB-INF/tiles/tiles.xml</value>  
            </list>  
        </property>
    </bean>  
<!--    <bean id="viewResolver1" class="org.springframework.web.servlet.view.InternalResourceViewResolver">  
        <property name="prefix" value="/WEB-INF/jsp/"></property>  
        <property name="suffix" value=".jsp"></property>          
     </bean>  -->
    <bean class="org.springframework.web.servlet.mvc.annotation.AnnotationMethodHandlerAdapter">
        <property name="messageConverters">
            <list>
                <bean class="org.springframework.http.converter.json.MappingJackson2HttpMessageConverter"/>
            </list>
        </property>
    </bean>
    <bean id="multipartResolver"
		class="org.springframework.web.multipart.commons.CommonsMultipartResolver">
		 <!-- setting maximum upload size -->
<!--		<beans:property name="maxUploadSize" value="100000" />-->
<!--                <beans:property name= value="100000" />-->   
     </bean>
<!--     <bean class="org.springframework.web.servlet.handler.SimpleMappingExceptionResolver">
    <property name="defaultErrorView" value="uncaughtException" />
    <property name="excludedExceptions" value="org.springframework.security.access.AccessDeniedException" />

    <property name="exceptionMappings">
        <props>
            <prop key=".DataAccessException">dataAccessFailure</prop>
            <prop key=".NoSuchRequestHandlingMethodException">resourceNotFound</prop>
            <prop key=".TypeMismatchException">resourceNotFound</prop>
            <prop key=".MissingServletRequestParameterException">resourceNotFound</prop>
        </props>
    </property>
</bean>-->
     <bean id="propertyConfigurer" class="org.springframework.beans.factory.config.PropertyPlaceholderConfigurer">
	    <property name="ignoreUnresolvablePlaceholders" value="true"/>
	    <property name="systemPropertiesModeName" value="SYSTEM_PROPERTIES_MODE_OVERRIDE"/>
	    <property name="searchSystemEnvironment" value="true"/>
	    <property name="locations">
	        <list>
	           <value>classpath:*.properties</value>
	        </list>
	    </property>
	</bean>
    <bean id="dataSource" class="org.apache.commons.dbcp.BasicDataSource">  
        <property name="driverClassName"  value="com.mysql.jdbc.Driver"></property>  
        <property name="url" value="jdbc:mysql://172.31.5.189:3306/upcidcoop"></property>  
        <property name="username" value="upcidcoop"></property>  
        <property name="password" value="Upc!Idc001p"></property> 
    </bean>
    
<!--    <bean id="dataSource" class="org.springframework.jdbc.datasource.DriverManagerDataSource">  
        <property name="driverClassName"  value="com.mysql.jdbc.Driver"></property>  
        <property name="url" value="jdbc:mysql://localhost:3306/upcidcopsociety"></property>  
        <property name="username" value="root"></property>  
        <property name="password" value=""></property> 
    </bean>-->
    
    <bean id="sessionFactory"  class="org.springframework.orm.hibernate4.LocalSessionFactoryBean">
        <property name="dataSource" ref="dataSource"></property>  
      
        <property name="packagesToScan" value="com.upcidcosociety.dtob"/>
        <property name="hibernateProperties">  
            <props>  
                <!--<prop key="hibernate.dialect">org.hibernate.dialect.MySQL5Dialect</prop>-->  
                <prop key="hibernate.dialect">org.hibernate.dialect.MySQL5InnoDBDialect</prop>  
                <prop key="hibernate.hbm2ddl.auto">update</prop>  
                <prop key="hibernate.show_sql">true</prop>
             
            </props>  
        </property>  
    </bean>  
    <!-- Step 4: Enable configuration of transactional behavior based on annotations -->
      
    <bean id="transactionManager" class="org.springframework.orm.hibernate4.HibernateTransactionManager">
        <property name="sessionFactory" ref="sessionFactory" />
    </bean>
    <tx:annotation-driven transaction-manager="transactionManager" />
<!--    <task:annotation-driven/> -->
   
 
<!--  <bean id="mailSender" class="org.springframework.mail.javamail.JavaMailSenderImpl">
     SMTP settings 
    <property name="host" value="smtp.gmail.com" />
    <property name="port" value="587" />
    <property name="username" value="ajjjutestmail@gmail.com" />
    <property name="password" value="Abcde@123" />
 
    <property name="javaMailProperties">
         additional properties specific to JavaMail 
        <props>
            <prop key="mail.transport.protocol">smtp</prop>
            <prop key="mail.smtp.auth">true</prop>
            <prop key="mail.smtp.starttls.enable">true</prop>
            <prop key="mail.debug">true</prop>
            <prop key="mail.smtp.ssl.trust">smtp.gmail.com</prop>
        </props>
    </property>
</bean>-->
    
</beans>  
